files,language,blank,comment,code,"http://cloc.sourceforge.net v 1.60  T=0.02 s (51.7 files/s, 982.1 lines/s)"
messages/CmakeLists.txt,CMake,12,0,7,
,proto,,,15,
,,,,100,
,,,,39,
,,,,13,
,,,,95,
,,,,0,
,,,,,
,css,,,96,
,,,,307,
,,,,0,
,,,,,
,HTML,,,1158,
,,,,,
,,,,,
,js,,,78,
,,,,1107,
,,,,,前端代码共2746行
,,,,,
launcher,c++,,,408,
,hpp,,,176,
,CMake,,,8,
,,,,,Launcher 592行
,,,,,
log,,,,34,
,,,,,
,,,,,
src/CmakeLists.txt,,,,23,
,,,,,
3rdparty/CmakeLists.txt,,,,212,
,,,,,
cmake,,,,302,
,,,,,
src/common,c++,,,14,
,hpp,,,23,
,,,,31,
,,,,23,
,,,,,
,,,,,
,,,,,
,,,,,
master,,,,,
7,C++,327,327,1379,
7,C/C++ Header,245,203,698,
1,CMake,7,5,37,
,,,,,
slave,,,,,
23,C++,604,593,2433,
16,C/C++ Header,323,427,822,
2,CMake,27,31,152,
,,,,,
,,,,,
sum,,,,9790,
